scale id,author,year,scale name,key notes,related scales,instrument focused (y/n),focus if not instrumental,external validity (y/n),which external validity,note on validity,theoretical framework,facets of motivation,response categories,variance in score (y/n),ceiling/floor effect,internal consistency measure,internal consistency estimate,note on reliability,skills required,populations not catered for,note on inclusivity,duration (mostly estimates),number of items,expansion/reduction possible,notes on task efficiency,sample mean,sample range,sample grade,sample ages applied,country of study,sample population,details on sample population,sample size (N),additional notes on sample,measures interest (y/n),measures intrinsic motivation (y/n),measures extrinsic motivation (y/n),individual or group testing (if child report; NA if parent or teacher),evaluation notes,type of measure,child interview (y/n),questionnaire (y/n),self-report (y/n),parent report (y/n),teacher-report (y/n),child-and parent-report (y/n),available for research use,available materials 
390,"Richmond, J.; McLachlan, N. M.; Ainley, M.; Osborne, M. S.",2016,Untitled,"Self-reported enjoyment, self-efficacy and intrinsic motivation towards learning instruments",,y,composition with ensembles of percussion instruments,n,n,some evidence for *internal validity provided by expected improvements in self-efficacy and intrinsic motivation over the course of each session (measures taken at beginning middle and end),n,enjoyment/delight; self-efficacy;,"5- point likert (very much- a bit- not at all, represented by smiley faces)",y: only represented graphically,y: ceiling effects revealed in graphs from figure 5,n,nr,,language skills,young readers; dyslexia,smiley face response options and simple questions help limit disadvantage caused by language requirements,5m,6,y,could include further questions on motivation: only one item 'I would like to play with the instruments again' directly assesses internal motivation,nr,7 to 9,grade 3-4,"7,8,9",Australia,TD and children with learning disabilities (no further detail),,31,,n,y,n,group,not all items relevant outside of intervention,child questionnaire,n,y,y,n,n,n,n,y: in paper appendix A
395,"Hallam, S.; Rinta, T. Varvargiou, M.; Creech, A.; Papageorgi, I.; Gomes, T.; Lanipekun, J.",2012,Untitled,"Self-report on practice strategies, organisation and motivation",,y,,y,level of expertise (grade level attained in UK grade system),the study sought to investigate differences in practice strategies between instrumental students with different levels of expertise; differences were established between groups,,practice strategies,7 point agreement scale,nr,nr,n,nr,,language skills and instrument training,young readers; dyslexia; those who don’t have access to instrument learning,,10m,29,n,"PCA validates 7 factors that relate to different aspects of practice, validating use of this many items",nr,6 to 19 y,nr,"6,7,8,9,10,11,12,13,14,15,16,17,18,19",UK,TD,participants were all learning classical and popular musical instruments,3325,sample were split into grade groups ,n,y,n,group,"focused on practice strategies, some items are not directly related to motivation necessarily (e.g. 'I practice with a metronome')",child questionnaire,n,y,y,n,n,n,unclear,y: in paper appendix 
401,"Ghazali, G. M.; McPherson, G. E.",2009,Untitled,"Self-report covering five motivational constructs: difficulty, importance, usefulness, interesting, enjoyment. Designed to compare attitudes towards music across ethinicities and religious groups.",401,y,learning music in school,y,comparison across cultures,authors mention that two versions of the scale (in Malay and English) were validated in a pilot study,"Expectancy-Value theory (Wigfield & Eccles, 2000)",enjoyment/delight; utility value/usefulness; task difficulty,"7 point likert: importance, enjoyment, difficulty, interestingness, usefulness","y: for 5 different motivation constructs, learning music in school M ranged from 4.28-4.71 and SD ranged from 1.73-1.92 ",n,n,nr,,language skills,young readers; dyslexia,language skills and quality of translation could have affected results here,30m,30,y,shorter scale might improve attention and engagement,nr,9 to 12 y,"years 4,5, 6","9,10,11,12",Malaysia,TD,"ethnicity and religion: malay muslim, chinese buddhist, chinese christian, indian hindu, indian christian",1060,,y,y,n,group,interesting test of expectancy-value theory argument that values and beliefs change across social groups,child questionnaire,n,y,y,n,n,n,n,n: example items
414,"McCormick, J.; McPherson, G. E.",2003,Untitled,"Self-report on: self-regulatory learning (cognitive strategy use, self-regulation) intrinsic value, interest, anxiety, self-efficacy and practice frequency ",,y,playing by ear for own enjoyment/ improvising own music,y,other measures: grade examindation (Trinity college),,"Self-Efficacy model (McCormick & McPherson, 2003)",self-regulation; performance anxeity; self-efficacy; intrinsic value; instrumental practice,7-point likert scale (not at all true of me- very true of me),nr,nr,n,nr,,instrument training, those who don’t have access to instrument learning,language not an issue here as designed for older students (9+),10m,16,n,,12.81y,9 to 18 y,nr,"9, 10, 11, 12, 13, 14, 15, 16, 17, 18",Australia,TD,"string, brass and woodwind players completing Trinity College grade exam (London)",332,,y,y,n,group,,child questionnaire,n,y,y,n,n,n,n,n
426,"Rife, N. A.; Shnek, Z. M.; Lauby, J. L.; Lapidus, L. B.",2001,Music Lesson Satisfaction Scale (MLSS),Self-report to assess satisfaction ('liking' or 'disliking') with private music lessons ,,y,,y,"r=.54, criterion validity: measured against overall rating of private music lessons out of 10","measure developed as part of exploratory study, starting with open ended questions about what children liked and disliked about their music lessons",n,satisfaction,5-point agreement scale,"y: M=4.1, SD=.51",y: ceiling,cronbach's alpha,a=0.94,very high reliability score,instrument training, those who don’t have access to instrument learning,"potential for adaptation to make more inclusive, for example item 'I like music lessons because I have a good time' could be 'I like making music because I have a good time'. ",25m,34,n,item set validated using factor analysis,10.7,9 to 12 y,"3,4,5,6,7 & 8","9, 10, 11, 12",US,TD,receiving music lessons,568,,n,y,y,group,"only includes items that are related to positive feelings about learning a musical instrument, as pointed out by Roden et al. (2021): paper 437",child questionnaire,n,y,y,n,n,n,unclear,y: in paper table 1
1440,"Driscoll, V.; Gfeller, K.; Tan, X.",2015,Music Engagement Questionnaire- Preschool/Elementary (MEQ-P/E),Parent Questionnaire which evaluates extent and type of child's involvement in formal music instruction. Adapted a from a study by Darrow's (1993) with language simplified to evaluate a younger target audience. ,,n,"singing, listening, community music, social musical activities, moving to music, watching musical videos, family music making, independent musical exploration, creating songs, playing with musical toys and games. ",y,other measures: parent reports of music importance,,n,active engagement/involvement,6-point ordinal frequency scale (never-daily + don't know),nr,nr,n,nr,only parent reports- reliability could be improved with self-reports or teacher reports,parent insight,parent who lives seperately,necessary to have an insight into their children's musical lives and behaviour,10m,12,n,"comprehensive list of possible music activities, would not advise lengthening or shortening","3.2y (preschool), 9.88y (primary)","1.5-5y (preschool), 7-12y (primary)",preschool and primary,"1,2,3,4,5,7,8,9,10,11,12",US,hearing impaired,children with cochlear implants,32,parents also completed questions on siblings as a comparison group who are not included in this sample summary,y,y,n,NA,advantageously includes a comprehensive overview of possible types of musical involvement,parent questionnaire,n,y,n,y,n,n,unclear,y: in paper
1444,"Jorgensen, E. J.; Walker, E. A.",2019,Untitled,parent-report on the frequency and importance of child's music participation,,n,live and recorded music listening as well as individual and ensemble music practice,y,other measures: parents music participation,,n,active engagement/involvement,5-point frequency scale; 7-point likert for importance (not at all- extremely),nr,nr,n,nr,,,,,12m,39,y,some items are not directly related to motivation and could be removed to shorten questionnaire,"11.7 (HH), 11.5 (NH)",nr,5th grade,nr,US,hearing impaired & normal hearing,,88,67 hard of hearing; 21 controls,n,y,n,NA,some good items that could be put to use in a questionnaire focused solely on motivation,parent questionnaire,n,y,n,y,n,n,unclear,y: in paper appendix
1452,"Kaya Kara, O.; Turker, D.; Kara, K.; Yardimci-Lokmanoglu, B. N.",2020,The participation environment measure for children and youth (PEM-CY),Involvement scale (parent-report): frequency of engagement with activity and extent of involvement. Covers lots of different activities of which music is only one.,,n,general  music and arts combined,y,discriminant validity: children with neurological differences,found interaction effect on involvement score based on age and developmental disorder which authors use to support discriminant validity of scale,n,active engagement/involvement,5 point likert: very involved to minimally involved,"y: likert scales converted into yes and no responses with yes (M=2.44, SD=1.28) and no (M=3.44, SD=.9)",nr,cronbach's alpha; test retest coefficients (ICC),"a= .73 (school), .77 (community), .78 (home) ; test-retest =.83 (school), .84 (community), .87 (home)",,insight into children's lives across home school and community settings,parent who lives seperately,,1m,3,n,"this is an estimate of no.items based on information provided in paper. Only one item that is applied across different settings (home/school/community), could be expanded",11.5-12.1,5 to 17,nr,"5,6,7,8,9,10,11,12,13,14,15,16,17",Turkey,"ADHD, Cerebal Palsy, Learning disability, ASD, intellectual delay, hearing impairment, multiple disabilities, vision impairement, speech/language impairment, developmental delay, orthopedic impairment, duchene muscular dystrophy and TD",,410,sample split into TD and those with disabilities,n,y,n,group,applies to lots of different contexts and may not be specific enough to assessing motivation for music in a nuaned way,parent questionnaire,n,y,n,y,n,n,unclear,y: item described in section 2.4.1
1441a,"Eccles, J.; Wigfield, A.; Harold, R.; Blumenfeld, P.",1993,Untitled,Self-report on musical ability ,,y,,y,"factor analysis and other measures: maths,reading and sports comparisons","no external validity but a factor analysis was conducted with new measure: music items all loaded on the same factor and demonstrated similarities with the structure of competence beliefs in other areas (maths, reading and sports)",n,self-concept of ability,7-point likert scale (varied responses),"y: M=4.41, SD=1.76(boys),M= 5.15, SD=1.43 (girls)",n,n (likely cronbach's alpha),0.73,,language skills,young readers; dyslexia,,<5m,4,y,"the experimenters reduced the number of items in the music part of the scale due to time limitations, could expand to include more music-specific items similar to other areas explored in scale (maths, reading...) and not limited to instrumental training ",nr,7 to 10 y,"1, 2, 4 grade","7,8,9,10",US,TD,lower middle class- middle class,865,,n,y,n,nr,good evaluation of compentence in instrument playing backed by factor analysis,child questionnaire,n,y,y,n,n,n,unclear,y: in paper
1441b,"Eccles, J.; Wigfield, A.; Harold, R.; Blumenfeld, P.",1993,Untitled,Self-report on musical interest,,y,,n,"factor analysis and other measures: maths,reading and sports comparisons","no external validity but a factor analysis was conducted with new measure: music items all loaded on the same factor and demonstrated similarities with task value in other areas (maths, reading and sports)",n,competence beliefs/success; intrinsic value; interest,7-point likert scale,"y: M=4.62, SD=2.08 (boys),M= 5.61, SD=1.67 (girls)",n,n (likely cronbach's alpha),0.82,,language skills and instrument training,young readers; dyslexia; those who don’t have access to instrument learning,,<5m,3,y,"the experimenters reduced the number of items in the music part of the scale due to time limitations, could expand to include more music-specific items similar to other areas explored in scale (maths, reading...) and not limited to instrumental training ",nr,8 to 10 y,"1, 2, 4 grade","7,8,9,10",US,TD,lower middle class- middle class,865,,y,y,n,nr,good evaluation of interest in music but could be expanded to include a wider range of activities,child questionnaire,n,y,y,n,n,n,unclear,y: in paper
1443b,"Ilari, B.; Helfer, S.; Huynh, T.",2020,Untitled,parent-report on children's interest in music included in demographic questionarre,,n,overall interest in music,y,other measures: significantly correlated with active music participation (r=.47),,n,interest,10-point likert (very little/no interest- extreme interest),,n,n,nr,,,,,<1m,1,y,only one item: expansion to include more questions to help provide a richer assessment of interest,46.2m,SD=5.36m,nr,"3,4",US,TD,Children from highly educated families learning music in a well-established research based childhood music education program ,36,,y,n,n,NA,only one item but high  correlation with active musical engagement indicates reasonable validity,parent questionnaire,n,y,n,y,n,n,y,"y; ""they were asked to rate their children's overall interest in music on a scale from 0-10"""
1447a,"Bullerjahn, C.; Dziewas, J.; Hilsdorf, M.; Kassl, C.; Menze, J.; Gembris, H.",2020,Untitled,Incentive subscale (self-report): measures incentive when practicing,,y,,y,other measures: amount of practice and contest category (e.g. classical solo vs ensemble categories); construct validity assessed using factor analysis,,"Motive-Disposition Theory (McClelland, 1985)",instrumental practice,5 point agreement scale,nr,n,cronbach's alpha,"a=.63(fear factor), a=.66 (hope for affiliation factor)",,language skills,young readers; dyslexia,designed for older children: only n=25 participants were under 12 (due to research focus on competition that was aimed at 12+),8m,12,y,factor analysis indicates 2 items could be lost,15.08y,9 to 24 y,nr,nr,nr,TD,taking part in a music contest: 'Jugend Musiziert',1143,only 25 were <12 years of age,n,n,y,group,,child questionnaire,n,y,y,n,n,n,unclear,y: in paper table 3
1447b,"Bullerjahn, C.; Dziewas, J.; Hilsdorf, M.; Kassl, C.; Menze, J.; Gembris, H.",2020,Untitled,Flow subscale (self-report): measures flow when practicing,,y,,n,other measures: amount of practice and contest category (e.g. classical solo vs ensemble categories); construct validity assessed using factor analysis,,"Motive-Disposition Theory (McClelland, 1985)",flow,5 point agreement scale,nr,n,cronbach's alpha,"a=.55(concern factor), a=.74 (general flow factor)",,language skills,young readers; dyslexia,designed for older children: only n=25 participants were under 12 (due to research focus on competition that was aimed at 12+),5m,9,y,factor analysis supports number of items,15.08y,9 to 24 y,nr,nr,nr,TD,taking part in a music contest: 'Jugend Musiziert',1143,only 25 were <12 years of age,n,y,n,group,,child questionnaire,n,y,y,n,n,n,unclear,y: in paper table 4
1447c,"Bullerjahn, C.; Dziewas, J.; Hilsdorf, M.; Kassl, C.; Menze, J.; Gembris, H.",2020,Untitled,Volition subscale (self-report): measures volition when practicing,,y,,n,other measures: amount of practice and contest category (e.g. classical solo vs ensemble categories); construct validity assessed using factor analysis,,"Motive-Disposition Theory (McClelland, 1985)",volition,5 point agreement scale,nr,n,cronbach's alpha,"a=.43(social focus factor), a=.61 (perseverance factor)",,language skills,young readers; dyslexia,designed for older children: only n=25 participants were under 12 (due to research focus on competition that was aimed at 12+),5m,8,y,factor analysis supports number of items,15.08y,9 to 24 y,nr,nr,nr,TD,taking part in a music contest: 'Jugend Musiziert',1143,only 25 were <12 years of age,n,y,y,group,,child questionnaire,n,y,y,n,n,n,unclear,y: in paper table 5
1451a,"McPherson, G. E.; O'Neill, S. A.",2010,3 Dimensions of Motivation Questionnaire,Competence beliefs subscale (self-report): questionnaire adapted from original by Eccles and Wigfield (1995).,"1441, 414 & 413",n,music as a subject,y,cross-cultural,questionnaire tested across 8 different countries,"Expectancy-Value theory (Wigfield & Eccles, 2000)",competence beliefs/success,5-point likert (very bad-very good; very poorly-very well; the best-the worst; much better than other students- much worse than other students),"y: SD's presented by country, gender and school level, see tables 3+4 in paper",n,cronbach's alpha,a=.81-.86 across 8 countries,,taught music as a subject, those who don’t have access to music lessons,tested across 8 countries with children who do have acess to music lessons: evidence for fairness across cultures,3m,4,n,,nr,9 to 21 y,4 to 12,"9,10,11,12,13,14,15,16,17,18,19,20,21","Brazil,  Finland, Hong Kong/China, Israel, Korea, Mexico, US",TD,,24143,cross-culture,n,y,n,group,"validation across 8 countries and large sample size provides good evidence for psychometric properties, however is still focused around music as a subject",child questionnaire,n,y,y,n,n,n,y,"y: items listed in paper, plus a copy of the full questionnaire can be obtained from the first author "
1451b,"McPherson, G. E.; O'Neill, S. A.",2010,3 Dimensions of Motivation Questionnaire,Values subscale (self-report): questionnaire adapted from original by Eccles and Wigfield (1995). ,"1441, 414 & 413",n,music as a subject,y,cross-cultural,questionnaire tested across 8 different countries,"Expectancy-Value theory (Wigfield & Eccles, 2000)",intrinsic value,5-point likert (I don't like it- I like it a lot; not interesting-very interesting; not important-very important; not useful- very useful),"y: SD's presented by country, gender and school level, see tables 3+4 in paper",n,cronbach's alpha,a=.88-.92 across 8 countries,,taught music as a subject, those who don’t have access to music lessons,tested across 8 countries with children who do have acess to music lessons: evidence for fairness across cultures,5m,10,n,,nr,9 to 21 y,4 to 12,"9,10,11,12,13,14,15,16,17,18,19,20,21","Brazil,  Finland, Hong Kong/China, Israel, Korea, Mexico, US",TD,,24143,cross-culture,y,y,n,group,"validation across 8 countries and large sample size provides good evidence for psychometric properties, however is still focused around music as a subject",child questionnaire,n,y,y,n,n,n,y,"y: items listed in paper, plus a copy of the full questionnaire can be obtained from the first author "
1451d,"McPherson, G. E.; O'Neill, S. A.",2010,3 Dimensions of Motivation Questionnaire,Task difficulty subscale (self-report): questionnaire adapted from original by Eccles and Wigfield (1995). ,"1441, 414 & 413.",n,music as a subject,y,cross-cultural,questionnaire tested across 8 different countries,"Expectancy-Value theory (Wigfield & Eccles, 2000)",task difficulty,5-point likert (not useful-very useful; not worthwhile-very worthwhile),"y: SD's presented by country, gender and school level, see tables 3+4 in paper",n,cronbach's alpha,a=.79-.86 across 8 countries,,taught music as a subject, those who don’t have access to music lessons,tested across 8 countries with children who do have acess to music lessons: evidence for fairness across cultures,1m,2,n,,nr,9 to 21 y,4 to 12,"9,10,11,12,13,14,15,16,17,18,19,20,21","Brazil,  Finland, Hong Kong/China, Israel, Korea, Mexico, US",TD,,24143,cross-culture,n,y,n,group,"validation across 8 countries and large sample size provides good evidence for psychometric properties, however is still focused around music as a subject",child questionnaire,n,y,y,n,n,n,y,"y: items listed in paper, plus a copy of the full questionnaire can be obtained from the first author "
1453a,"Jones, B. D.; Sigmon, M. L.",2016,MUSIC Model of Academic Motivation Inventory (MMI),Empowerment subscale (self-report): measures the degree to which a student percieves that they have control of their learning environment. This measure is not specific to music but can be used to measure motivation in any subject area.,,n,not specific to music but could be applied to music lessons,y,used the same measure on children to compare quality of lessons between teachers and student teachers; compared measure between a younger and older group of children,this study aimed to validate the new child-friendly version of the scale,"Autonomy (Deci & Ryan, 1991)",autonomy/empowerment,"4 point likert: no, maybe, yes, definitely yes",nr,nr,cronbach's alpha,"a=.75 with younger group, .68 with older group","cronbach's alpha also calculated for teachers vs student teachers, a=.71 student teachers, .7 teachers",language skills,young readers; dyslexia,,2m,3,n,3 items chosen based on efficiency in an adult sample,nr,6 to 10,grades 1 to 5,"6,7,8,9,10",US,TD,,535,,n,y,n,group,"not specific to music but does refer to course/coursework, thus could potentially only be applied in formal settings",child questionnaire,n,y,y,n,n,n,y,y: items and instructions included in a pdf available online including transaltions to many languages 
1453b,"Jones, B. D.; Sigmon, M. L.",2016,MUSIC Model of Academic Motivation Inventory (MMI),Usefulness subscale (self-report): measures the degree to which a student percieves coursework is useful to his or her future. This measure is not specific to music but can be used to measure motivation in any subject area.,,n,not specific to music but could be applied to music lessons,y,used the same measure on children to compare quality of lessons between teachers and student teachers; compared measure between a younger and older group of children,this study aimed to validate the new child-friendly version of the scale,"Expectancy-Value theory (Wigfield & Eccles, 2000)",utility value/usefulness,"4 point likert: no, maybe, yes, definitely yes",nr,nr,cronbach's alpha,"a=.63 with younger group, .77 with older group","cronbach's alpha also calculated for teachers vs student teachers, a=.71 student teachers, .7 teachers",language skills,young readers; dyslexia,,2m,3,n,3 items chosen based on efficiency in an adult sample,nr,6 to 10,grades 1 to 5,"6,7,8,9,10",US,TD,,535,,n,y,y,group,"not specific to music but does refer to course/coursework, thus could potentially only be applied in formal settings",child questionnaire,n,y,y,n,n,n,y,y: items and instructions included in a pdf available online including transaltions to many languages 
1453c,"Jones, B. D.; Sigmon, M. L.",2016,MUSIC Model of Academic Motivation Inventory (MMI),Success subscale (self-report): measures the degree to which a student percieves that they can suceed at the coursework.  This measure is not specific to music but can be used to measure motivation in any subject area.,,n,not specific to music but could be applied to music lessons,y,used the same measure on children to compare quality of lessons between teachers and student teachers; compared measure between a younger and older group of children,this study aimed to validate the new child-friendly version of the scale,"Expectancy-Value theory (Wigfield & Eccles, 2000)",competence beliefs/success,"4 point likert: no, maybe, yes, definitely yes",nr,nr,cronbach's alpha,"a=.66 with younger group, .64 with older group","cronbach's alpha also calculated for teachers vs student teachers, a=.69 student teachers, .62 teachers",language skills,young readers; dyslexia,,2m,3,n,3 items chosen based on efficiency in an adult sample,nr,6 to 10,grades 1 to 5,"6,7,8,9,10",US,TD,,535,,n,y,n,group,"not specific to music but does refer to course/coursework, thus could potentially only be applied in formal settings",child questionnaire,n,y,y,n,n,n,y,y: items and instructions included in a pdf available online including transaltions to many languages 
1453d,"Jones, B. D.; Sigmon, M. L.",2016,MUSIC Model of Academic Motivation Inventory (MMI),Interest subscale (self-report): measures the degree to which student percieves that the instructional methods and coursework are interesting. Paper reports the validation study for the child-friendly version of the scale. This measure is not specific to music but can be used to measure motivation in any subject area.,,n,not specific to music but could be applied to music lessons,y,used the same measure on children to compare quality of lessons between teachers and student teachers; compared measure between a younger and older group of children,this study aimed to validate the new child-friendly version of the scale,"Interest (Hidi & Reinninger, 2006)",interest,"4 point likert: no, maybe, yes, definitely yes",nr,nr,cronbach's alpha,"a=.7 with younger group, .8 with older group","cronbach's alpha also calculated for teachers vs student teachers, a=.73 student teachers, .77 teachers",language skills,young readers; dyslexia,,2m,3,n,3 items chosen based on efficiency in an adult sample,nr,6 to 10,grades 1 to 5,"6,7,8,9,10",US,TD,,535,,y,y,n,group,"not specific to music but does refer to course/coursework, thus could potentially only be applied in formal settings",child questionnaire,n,y,y,n,n,n,y,y: items and instructions included in a pdf available online including transaltions to many languages 
1453e,"Jones, B. D.; Sigmon, M. L.",2016,MUSIC Model of Academic Motivation Inventory (MMI),Caring subscale (self-report): assesses whether student percieves that the instructor cares about whether the student suceeds in the coursework and cares about the students well being. Paper reports the validation study for the child-friendly version of the scale. This measure is not specific to music but can be used to measure motivation in any subject area with reference to lessons recieved in that subject.,,n,not specific to music but could be applied to music lessons,y,used the same measure on children to compare quality of lessons between teachers and student teachers; compared measure between a younger and older group of children,study aimed to validate the new child-friendly version of the scale,"Caring (Noddings, 1992)",caring,"4 point likert: no, maybe, yes, definitely yes",nr,nr,cronbach's alpha,"a=.62 with younger group, .67 with older group","cronbach's alpha also calculated for teachers vs student teachers, a=.69 student teachers, .65 teachers",language skills,young readers; dyslexia,,2m,3,n,items chosen based on efficiency in an adult sample,nr,6 to 10,grades 1 to 5,"6,7,8,9,10",US,TD,,535,,n,n,y,group,"not specific to music but does refer to course/coursework, thus could potentially only be applied in formal settings",child questionnaire,n,y,y,n,n,n,y,y: items and instructions included in a pdf available online including transaltions to many languages 
1455b,"Politimou, N.; Stewart, L.; Müllensiefen, D. and Franco, F.",2018,Music @ Home: Preschool,Active engagement with music subscale (parent-report on children),,n,"singing, listening to recorded music, playing with musical toys, watching music videos on a TV/tablet, dancing to music and engaging in music activities with another person, as well as playing instruments",y,"factorial validity (CFA) & other measures: Gold-MSI subscales MT and AE, items from the parents music activities subscale of the CMBI (Valerio et al. 2003)",convergent validity with the  parent's musical activities subscale of the CMBI  (r=.37) and the AE subscale of the goldMSI (r= .17) plus factorial validity from CFA,n,active engagement/involvement,7-point agreement scale,nr,n,"alpha, omega, G6,  test-retest","a=.765, ω=.781,G6= .746,retest= .68",lots of reliabiliity measures included,,,,2m,4,n,factorial structure validated using CFA,3.34y,2 to 5y ,preschool/kindergarten,"2, 3, 4, 5",nr,TD,,213,sample taken from study 2 as the validity and reliability stats also come from this study,y,y,n,NA,,parent questionnaire,n,y,n,y,n,n,y,y: items listed in S5 table
1455f,"Politimou, N.; Stewart, L.; Müllensiefen, D. and Franco, F.",2018,Music @ Home: Infant,Active engagement with music subscale (Parent-report on infants),,n,"singing, listening to recorded music, playing with musical toys, watching music videos on a TV/tablet, dancing to music and engaging in music activities with another person, as well as playing instruments",y,"factorial validity (CFA) & other measures: Gold-MSI subscales MT and AE, items from the parents music activities subscale of the CMBI (Valerio et al. 2003)",convergent validity with the parent's musical activities subscale of the CMBI  (r=.32)  plus factorial validity from CFA,n,active engagement/involvement,7-point agreement scale,nr,n,"alpha, omega, G6,  test-retest","a=.835, ω=.842, G6=.832, retest=.67",lots of reliabiliity measures included,,,,3m,6,n,factorial structure validated using CFA,12.81m,0-1y,NA,"0, 1",nr,TD,,213,sample taken from study 2 as the validity and reliability stats also come from this study,y,y,n,NA,,parent questionnaire,n,y,n,y,n,n,y,y: items listed in S6 table
1456a,"Valerio, W. G.; Reynolds, A. M.; Mordan, G. B.; McNair, A. A.",2012,The Children's Music-Related Behaviour Questionnaire (CMRBQ),parent-report on children's music-related behaviours,,n,"attention to music, vocalisations, moving to music, song requests, music conversations, creativity",y,factorial validity (CFA) and parent involvement in activities,Iterative process based on parent's feedback to inform item curation,n,active engagement/involvement,5- point frequency scale (never-frequently),y; SD (.47-.81),n,cronbach's alpha,"a=.772 (attention & emotion), .834 (vocalisations), .865 (moving),  .909 (requests), .880 (taking turns), .894 (creativity)",alpha moderately high-high,,,,10m,14,n,factorial structure validated,3.56 (SD=1.4),<5,nr,"2,3,4,5",US,TD,Online sample,629,,y,y,n,NA,interesting approach and seems to nicely reflect musical activities of early years children ,parent questionnaire,n,y,n,y,n,n,y,y: figure 1 in paper
392a,"Denac, O.",2008,Untitled,parent-reports on child's interest in taking part in various musical activities at home,,n,"singing, music listening, making up new songs, dancing and movement as well as playing instruments ",y,other measures: child and teacher reports,parent reports of children's interests in music at home are compared with children's reports,,active engagement/involvement,5,y: range of percentages of first ranked activities at home : 9.7%-55.7% ,nr,n,nr,An assessment of reliability carried out between parent and child ratings of different activities would have been beneficial,parent insight,parent who lives seperately,necessary to have an insight into their children's musical lives and behaviour at home,nr,,y,"list of potential music activities to take part in at home could be expanded upon to include, for example, taking part in musical play, playing or singing with others",nr,5 to 6 y,preschool,"5,6",Slovenia,TD,,176,parents of children from preschools that responded to a letter sent to randomly chosen kindergartens throughout Slovenia,y,n,n,NA,,parent questionnaire,n,y,n,y,n,n,unclear,y: in paper: https://link.springer.com/article/10.1007/s10643-007-0205-4
392b,"Denac, O.",2008,Untitled,Child interview with questions regarding their favourite musical activities; some questions were adapted from an interview by Temmerman (2000),,n,"singing, music listening, making up new songs, dancing and movement as well as playing instruments",y,other measures ,"children's reports are compared to teacher and parent reports of interests in taking part in different types of musical activities, although this only provided qualitative validation",n,enjoyment/delight,2,nr,y; most children responded 'yes' when asked if they enjoyed each of the activities,n,nr,low discriminatory power due to ceiling effect with yes/no task; reliability checks between teacher/parent and child reports of favourite activities at home and at school would have been beneficial,,,an easy task for children,nr,,y,"list of potential music activities to take part in could be expanded upon to include, for example, taking part in musical play, playing or singing with others",nr,6 to 6 y,preschool,"5,6",Slovenia,TD,,176,children from preschools that responded to a letter sent to randomly chosen kindergartens throughout Slovenia,y,n,n,individual,requires a greater variety of  genres and more pieces of music per genre to provide a valid estimate of children's interests in different styles,child interview,y,n,n,n,n,n,unclear,y: in paper: https://link.springer.com/article/10.1007/s10643-007-0205-4
394a,"Comeau, G., Huta, V., Liu, Y. F.",2015,Work Ethic questionnaire,"Child and parent-report on children's work ethic. Focused mainly on piano playing, although includes a question about whether they believe musical ability is changeable. 2 items were written for the current survey and 8 items were from the survey of musical interests (scale 1454)",403 & 1454,y,,y,cross-cultural and additional measures (PAMS),no comparison between measures for validity (despite similarity of PAMS),n,work ethic,"3-7: 3 individual response categories for two items, 7 point likert scale for 8 items",nr,"y-ceiling; all mean scores for the questions with a max score of 3 were above 2, and most above 2.5",n,nr,no cronbach's alpha and no statistic to compare child and parent responses on related questions ,language skills and parent insight,,"quality of translation to chinese could have affected results here, although translation was done in a number of steps and verified with a back-translation",10m,10,y,the set of questions designed to assess ' child's interest in working hard at practicing the piano' overlaps significantly with the PAMS reported in 394b,10.61y,6 to 17 y,nr," 6, 7, 8, 9, 10, 11, 12, 13, 14, 15, 16, 17",China and US,TD,receiving piano tuition with one year of experience,150,recruited via music teachers (potential bias),n,y,y,nr,mean ratings compared between samples from differnet cultures to test a quite racist stereotype!,child and parent reports,n,y,n,n,n,y,n,y: in paper
394ba,"Comeau, G., Huta, V., Liu, Y. F.",2015,Piano Autonomous Motivation scale (PAMS),Intrinsic motivation subscale (self-report),1454 & 403,y,,y,cross-cultural and additional measures (work ethic questionnaire),no comparison between measures for validity (despite similarity of work ethic Q),"Self-Determination theory (Ryan & Deci, 2000) ",intrinsic motivation,7-point likert scale (not at all like me- perfectly like me),nr,n,cronbach's alpha,a=0.77,,language skills and instrument training,young readers; dyslexia; those who don’t have access to instrument learning,"quality of translation to chinese could have affected results here, although translation was done in a number of steps and verified with a back-translation",5m,5,y,,10.61y,6 to 17 y,nr," 6, 7, 8, 9, 10, 11, 12, 13, 14, 15, 16, 17",China and US,TD,receiving piano tuition with one year of experience,150,recruited via music teachers (potential bias),n,y,y,nr,mean ratings compared between samples from differnet cultures to test a quite racist stereotype!,child and parent reports,n,y,n,n,n,y,n,n
394bb,"Comeau, G., Huta, V., Liu, Y. F.",2015,Piano Autonomous Motivation scale (PAMS),Identification/integration subscale (child and parent-report),1454 & 403,y,,y,cross-cultural and additional measures (work ethic questionnaire),no comparison between measures for validity (despite similarity of work ethic Q),"Self-Determination theory (Ryan & Deci, 2000)",identification/integration,7-point likert scale (not at all like me- perfectly like me),,,cronbach's alpha,a=0.82,,language skills and instrument training,young readers; dyslexia; those who don’t have access to instrument learning,"quality of translation to chinese could have affected results here, although translation was done in a number of steps and verified with a back-translation",3m,3,y,,10.61y,6 to 17 y,nr," 6, 7, 8, 9, 10, 11, 12, 13, 14, 15, 16, 17",China and US,TD,receiving piano tuition with one year of experience,150,recruited via music teachers (potential bias),n,y,y,nr,mean ratings compared between samples from differnet cultures to test a quite racist stereotype!,child and parent reports,n,y,n,n,n,y,n,n
394bc,"Comeau, G., Huta, V., Liu, Y. F.",2015,Piano Autonomous Motivation scale (PAMS): ,Introjection subscale (child and parent) ,1454 & 403,y,,y,cross-cultural and additional measures (work ethic questionnaire),no comparison between measures for validity (despite similarity of work ethic Q),"Self-Determination theory (Ryan & Deci, 2000)",introjection,7-point likert scale (not at all like me- perfectly like me),,,cronbach's alpha,a=0.63,,language skills and instrument training,young readers; dyslexia; those who don’t have access to instrument learning,"quality of translation to chinese could have affected results here, although translation was done in a number of steps and verified with a back-translation",2m,2,y,only 2 items might not provide sufficient detail and additional items could enhance alpha score,10.61y,6 to 17 y,nr," 6, 7, 8, 9, 10, 11, 12, 13, 14, 15, 16, 17",China and US,TD,receiving piano tuition with one year of experience,150,recruited via music teachers (potential bias),n,y,y,nr,mean ratings compared between samples from differnet cultures to test a quite racist stereotype!,child and parent reports,n,y,n,n,n,y,n,n
394bd,"Comeau, G., Huta, V., Liu, Y. F.",2015,Piano Autonomous Motivation scale (PAMS),External regulation (child and parent-report),1454 & 403,y,,y,cross-cultural and additional measures (work ethic questionnaire),no comparison between measures for validity (despite similarity of work ethic Q),"Self-Determination theory (Ryan & Deci, 2000)",external regulation,7-point likert scale (not at all like me- perfectly like me),,,cronbach's alpha,a=0.65,,language skills and instrument training,young readers; dyslexia; those who don’t have access to instrument learning,"quality of translation to chinese could have affected results here, although translation was done in a number of steps and verified with a back-translation",4m,4,y,additional items could enhance alpha score,10.61y,6 to 17 y,nr," 6, 7, 8, 9, 10, 11, 12, 13, 14, 15, 16, 17",China and US,TD,receiving piano tuition with one year of experience,150,recruited via music teachers (potential bias),n,y,y,nr,mean ratings compared between samples from differnet cultures to test a quite racist stereotype!,child and parent reports,n,y,n,n,n,y,n,n
394be,"Comeau, G., Huta, V., Liu, Y. F.",2015,Piano Autonomous Motivation scale (PAMS),Amotivation subscale (child and parent-report),403aa,y,,y,cross-cultural and additional measures (work ethic questionnaire),no comparison between measures for validity (despite similarity of work ethic Q),"Self-Determination theory (Ryan & Deci, 2000)",amotivation,7-point likert scale (not at all like me- perfectly like me),,,cronbach's alpha,a=0.81,,language skills and instrument training,young readers; dyslexia; those who don’t have access to instrument learning,"quality of translation to chinese could have affected results here, although translation was done in a number of steps and verified with a back-translation",6m,6,y,,10.61y,6 to 17 y,nr," 6, 7, 8, 9, 10, 11, 12, 13, 14, 15, 16, 17",China and US,TD,receiving piano tuition with one year of experience,150,recruited via music teachers (potential bias),n,y,y,nr,mean ratings compared between samples from differnet cultures to test a quite racist stereotype!,child and parent reports,n,y,n,n,n,y,n,n
402a,"Simpkins, S. D.; Vest, A. E.; Becnel, J. N.",2010,Untitled,Self-concept of ability' subscale (self-report) : motivational beliefs measured as a predictor of participation in activity,,y,,y,other measures: measured self-concept as a predictor of continued participation in activities- significant mediation effect on participated vs never,predictive validity,"Expectancy-Value theory (Wigfield & Eccles, 2000) and Interest theory (Hidi & Renninger, 2006)",self-concept of ability,7-point likert (not at all good-very good),"y: M=4.3, SD=1.71",n,cronbach's alpha,"a=.74 (wave 2), .94 (wave 5)",,instrument training, those who don’t have access to instrument learning,,3m,4,y,would recommend expansion to include items not specific to playing an instrument,8.72y,SD=1.25,"kindergarten, 1, 3",nr,US,TD,largely middle class,567,longitudinal data so age groups changed over the study,n,y,n,group,,child questionnaire,n,y,y,n,n,n,unclear,y: in paper under measures: Self-concept of ability
402b,"Simpkins, S. D.; Vest, A. E.; Becnel, J. N.",2010,Untitled,Interest subscale (self-report): motivational beliefs measured as a predictor of participation in activity.,"1451a, 1451b & 1451d",y,,y,other measures: measured interest as a mediator of continued participation in activities…significant effect with interest as a mediator between overall participating vs never having participated ,predictive validity,"Expectancy-Value theory (Wigfield & Eccles, 2000) and reciprocal effects model (Marsh et al., 2007)",intrinsic value; interest,"7-point likert: 1 item interest (very boring-very interesting), 1 item liking (a little-a lot)","y: M=4.56, SD=1.94",n,cronbach's alpha,"a=.83 (wave 2), .95 (wave 5)",,instrument training, those who don’t have access to instrument learning,,1m,2,y,would recommend expansion to include items not specific to playing an instrument,8.72y,SD=1.25,"kindergarten, 1, 3",nr,US,TD,,567,longitudinal data so age groups changed over the study,y,y,n,group,,child questionnaire,n,y,y,n,n,n,unclear,y: in paper under measures: interest
403aa,"Comeau, G.; Huta, V.; Lu, Y.; Swirp, M.",2019,Motivation for Learning Music questionnaire (MLM) ,Amotivation subscale (self-report). Focus on piano leaning but can be applied to any instrument.,394be,y,,y,other measures: various questions developed for paper as construct validity measures,construct validity with additional measures,"Self-Determination theory (Ryan & Deci, 2000)",amoivation,7-point likert scale (not at all like me- perfectly like me),y,n,cronbach's alpha,a=0.85,,language skills and instrument training,young readers; dyslexia; those who don’t have access to instrument learning,,5m,5,n,factor analysis and reliability analyses support using this number of items,10.85y (piano); 10.40 y (violin),6-17y (piano); 4-16y (violin),nr,"4, 5, 6, 7, 8, 9, 10, 11, 12, 13, 14, 15, 16, 17",Canada,TD,piano and violin students (music lessons for at least .5 years),337,257 piano students vs violin 80,n,y,y,group,,child questionnaire,n,y,y,n,n,n,y,y: https://selfdeterminationtheory.org/motivation-for-learning-music/
403ab,"Comeau, G.; Huta, V.; Lu, Y.; Swirp, M.",2019,Motivation for Learning Music questionnaire (MLM),External regulation subscale (self-report). Focus on piano leaning but can be applied to any instrument.,394bd,y,,y,other measures: various questions developed for paper as construct validity measures,construct validity with additional measures,"Self-Determination theory (Ryan & Deci, 2000)",external regulation,7-point likert scale (not at all like me- perfectly like me),y,n,cronbach's alpha,a=0.87,,language skills and instrument training,young readers; dyslexia; those who don’t have access to instrument learning,,5m,5,n,factor analysis and reliability analyses support using this number of items,10.85y (piano); 10.40 y (violin),6-17y (piano); 4-16y (violin),nr,"4, 5, 6, 7, 8, 9, 10, 11, 12, 13, 14, 15, 16, 17",Canada,TD,piano and violin students (music lessons for at least .5 years),337,258 piano students vs violin 80,n,n,y,group,,child questionnaire,n,y,y,n,n,n,y,y: https://selfdeterminationtheory.org/motivation-for-learning-music/
403ac,"Comeau, G.; Huta, V.; Lu, Y.; Swirp, M.",2019,Motivation for Learning Music questionnaire (MLM), Introjection subscale (self-report). Focus on piano leaning- can be applied to any instrument.,394bc,y,,y,other measures: various questions developed for paper as construct validity measures,construct validity with additional measures,"Self-Determination theory (Ryan & Deci, 2000)",introjection,7-point likert scale (not at all like me- perfectly like me),y,n,cronbach's alpha,a=0.87,,language skills and instrument training,young readers; dyslexia; those who don’t have access to instrument learning,,5m,5,n,factor analysis and reliability analyses support using this number of items,10.85y (piano); 10.40 y (violin),6-17y (piano); 4-16y (violin),nr,"4, 5, 6, 7, 8, 9, 10, 11, 12, 13, 14, 15, 16, 17",Canada,TD,piano and violin students (music lessons for at least .5 years),337,259 piano students vs violin 80,n,y,n,group,,child questionnaire,n,y,y,n,n,n,y,y: https://selfdeterminationtheory.org/motivation-for-learning-music/
403ad,"Comeau, G.; Huta, V.; Lu, Y.; Swirp, M.",2019,Motivation for Learning Music questionnaire (MLM),Identification and integration (self-report): Focus on piano leaning- can be applied to any instrument. ,394bb,y,,y,other measures: various questions developed for paper as construct validity measures,construct validity with additional measures,"Self-Determination theory (Ryan & Deci, 2000)",identification/integration,7-point likert scale (not at all like me- perfectly like me),y,n,cronbach's alpha,a=0.82,,language skills and instrument training,young readers; dyslexia; those who don’t have access to instrument learning,,5m,5,n,factor analysis and reliability analyses support using this number of items,10.85y (piano); 10.40 y (violin),6-17y (piano); 4-16y (violin),nr,"4, 5, 6, 7, 8, 9, 10, 11, 12, 13, 14, 15, 16, 17",Canada,TD,piano and violin students (music lessons for at least .5 years),337,260 piano students vs violin 80,n,y,n,group,,child questionnaire,n,y,y,n,n,n,y,y: https://selfdeterminationtheory.org/motivation-for-learning-music/
403ae,"Comeau, G.; Huta, V.; Lu, Y.; Swirp, M.",2019,Motivation for Learning Music questionnaire (MLM),Intrinsic motivation (self-report). Focus on piano leaning- can be applied to any instrument.,,y,,y,other measures: various questions developed for paper as construct validity measures,construct validity with additional measures,"Self-Determination theory (Ryan & Deci, 2000)",intrinsic motivation,7-point likert scale (not at all like me- perfectly like me),y,n,cronbach's alpha,a=0.85,,language skills and instrument training,young readers; dyslexia; those who don’t have access to instrument learning,,5m,5,n,factor analysis and reliability analyses support using this number of items,10.85y (piano); 10.40 y (violin),6-17y (piano); 4-16y (violin),nr,"4, 5, 6, 7, 8, 9, 10, 11, 12, 13, 14, 15, 16, 17",Canada,TD,piano and violin students (music lessons for at least .5 years),337,261 piano students vs violin 80,n,y,n,group,,child questionnaire,n,y,y,n,n,n,y,y: https://selfdeterminationtheory.org/motivation-for-learning-music/
403ba,"Comeau, G.; Huta, V.; Lu, Y.; Swirp, M.",2019,Untitled,Self-report on doing practice when forced by others/self: included as a construct validation measure,,y,,y,other measures: MLM,correlations with each of the MLM subscales,n,self-regulation; external regulation,7-point likert scale (not at all like me- perfectly like me),"y: M=3.02, SD=1.34",n,cronbach's alpha,a=0.73,,language skills and instrument training,young readers; dyslexia; those who don’t have access to instrument learning,,6m,6,y,,10.85y (piano); 10.40 y (violin),6-17y (piano); 4-16y (violin),nr,"4, 5, 6, 7, 8, 9, 10, 11, 12, 13, 14, 15, 16, 17",Canada,TD,piano and violin students (music lessons for at least .5 years),337,262 piano students vs violin 80,n,y,y,both,,child questionnaire,n,y,y,n,n,n,n,y: in paper
403bb,"Comeau, G.; Huta, V.; Lu, Y.; Swirp, M.",2019,Untitled,parent-report on giving tangible rewards to child for home practice,,y,,y,other measures: MLM,correlations with each of the MLM subscales,n,incentive/reward,5-point likert scale (never-always),"y: M=1.97, SD=1.17",n,n,nr,,language skills and instrument training,young readers; dyslexia; those who don’t have access to instrument learning,,1m,1,y,,10.85y (piano); 10.40 y (violin),6-17y (piano); 4-16y (violin),nr,"4, 5, 6, 7, 8, 9, 10, 11, 12, 13, 14, 15, 16, 17",Canada,TD,piano and violin students (music lessons for at least .5 years),337,263 piano students vs violin 80,n,n,y,NA,,parent questionnaire,n,y,n,y,n,n,n,y: in paper
403bc,"Comeau, G.; Huta, V.; Lu, Y.; Swirp, M.",2019,Untitled,parent-report on giving tangible rewards to child for musical achievement,,y,,y,other measures: MLM,correlations with each of the MLM subscales,n,incentive/reward,5-point likert scale (never-always),"y: M=2.41, SD=1.34",n,n,nr,,language skills and instrument training,young readers; dyslexia; those who don’t have access to instrument learning,,1m,1,y,,10.85y (piano); 10.40 y (violin),6-17y (piano); 4-16y (violin),nr,"4, 5, 6, 7, 8, 9, 10, 11, 12, 13, 14, 15, 16, 17",Canada,TD,piano and violin students (music lessons for at least .5 years),337,264 piano students vs violin 80,n,n,y,NA,,parent questionnaire,n,y,n,y,n,n,n,y: in paper
403bd,"Comeau, G.; Huta, V.; Lu, Y.; Swirp, M.",2019,Untitled,parent-report on minutes of child's weekly instrumental practice,,y,,y,other measures: MLM,correlations with each of the MLM subscales,n,instrumental practice,nr,"y: M=172.98, SD=145.09",n,n,nr,,language skills and instrument training,young readers; dyslexia; those who don’t have access to instrument learning,,1m,1,n,,10.85y (piano); 10.40 y (violin),6-17y (piano); 4-16y (violin),nr,"4, 5, 6, 7, 8, 9, 10, 11, 12, 13, 14, 15, 16, 17",Canada,TD,piano and violin students (music lessons for at least .5 years),337,265 piano students vs violin 80,n,y,y,NA,,parent questionnaire,n,y,n,y,n,n,n,y: in paper
403be,"Comeau, G.; Huta, V.; Lu, Y.; Swirp, M.",2019,Untitled,Self-report on interest in the mundane aspects of instrument practice,394,y,,y,other measures: MLM,correlations with each of the MLM subscales,n,work ethic,7-point likert (not interesting at all-very interesting),"y: M=4.28, SD=1.35",n,cronbach's alpha,a=0.79,,language skills and instrument training,young readers; dyslexia; those who don’t have access to instrument learning,,8m,8,y,,10.85y (piano); 10.40 y (violin),6-17y (piano); 4-16y (violin),nr,"4, 5, 6, 7, 8, 9, 10, 11, 12, 13, 14, 15, 16, 17",Canada,TD,piano and violin students (music lessons for at least .5 years),337,266 piano students vs violin 80,n,n,n,both,,child questionnaire,n,y,y,n,n,n,n,y: in paper
403bf,"Comeau, G.; Huta, V.; Lu, Y.; Swirp, M.",2019,Untitled,"parent-report on probability that child will continue playing as an adult, an expected outcome of motivated practice",,y,,y,other measures: MLM,correlations with each of the MLM subscales,n,instrumental practice,5-point likert (not likely-absolutely),"y: M=3.58, SD=1.09",n,n,nr,,language skills and instrument training,young readers; dyslexia; those who don’t have access to instrument learning,,1m,1,y,,10.85y (piano); 10.40 y (violin),6-17y (piano); 4-16y (violin),nr,"4, 5, 6, 7, 8, 9, 10, 11, 12, 13, 14, 15, 16, 17",Canada,TD,piano and violin students (music lessons for at least .5 years),337,267 piano students vs violin 80,n,y,y,NA,,parent questionnaire,n,y,n,y,n,n,n,y: in paper
403bg,"Comeau, G.; Huta, V.; Lu, Y.; Swirp, M.",2019,Untitled,parent-report on how much child participates in optional music activities,,y,,y,other measures: MLM,correlations with each of the MLM subscales,n,active engagement/involvement,5 point likert ( never to always),"y: M=1.20, SD=1.03",n,cronbach's alpha,a=0.67,,language skills and instrument training,young readers; dyslexia; those who don’t have access to instrument learning,,3m,3,y,,10.85y (piano); 10.40 y (violin),6-17y (piano); 4-16y (violin),nr,"4, 5, 6, 7, 8, 9, 10, 11, 12, 13, 14, 15, 16, 17",Canada,TD,piano and violin students (music lessons for at least .5 years),337,268 piano students vs violin 80,n,y,n,NA,,parent questionnaire,n,y,n,y,n,n,n,y: in paper
403bh,"Comeau, G.; Huta, V.; Lu, Y.; Swirp, M.",2019,Untitled,Self-report on interest in creative composing and improvising,,y,,y,other measures: MLM,correlations with each of the MLM subscales,n,intrinsic value; interest,7-point likert (not interesting at all- very interesting),"y: M=5.06, SD=1.61",n,cronbach's alpha,a=0.81,,language skills and instrument training,young readers; dyslexia; those who don’t have access to instrument learning,,4m,4,y,,10.85y (piano); 10.40 y (violin),6-17y (piano); 4-16y (violin),nr,"4, 5, 6, 7, 8, 9, 10, 11, 12, 13, 14, 15, 16, 17",Canada,TD,piano and violin students (music lessons for at least .5 years),337,269 piano students vs violin 80,y,y,n,both,,child questionnaire,n,y,y,n,n,n,n,y: in paper
403bi,"Comeau, G.; Huta, V.; Lu, Y.; Swirp, M.",2019,Untitled,Self-report on seeking to play beyond practice sessions,,y,,y,other measures: MLM,correlations with each of the MLM subscales,n,autonomy; active engagement/involvement,7-point likert (not at all like me- perfectly like me),"y: M=4.26, SD=1.42",n,cronbach's alpha,a=0.76,,language skills and instrument training,young readers; dyslexia; those who don’t have access to instrument learning,,5m,5,y,,10.85y (piano); 10.40 y (violin),6-17y (piano); 4-16y (violin),nr,"4, 5, 6, 7, 8, 9, 10, 11, 12, 13, 14, 15, 16, 17",Canada,TD,piano and violin students (music lessons for at least .5 years),337,270 piano students vs violin 80,n,y,n,both,,child questionnaire,n,y,y,n,n,n,n,y: in paper
413a,"McCormick, J.; McPherson, G. E.",2007,Untitled,Difficulty subscale (self-report): measures difficulty of various aspects of instrument learning,,y,,y,other measures: grade examination (AMEB); convergent validity between subscales and construct validity,subscales were all correlated with each other as posited by expectancy theory ,"Expectancy-Value theory (Wigfield & Eccles, 2000)",task difficulty,7-point likert scale (very easy- very hard),nr,nr,cronbach's alpha,a=0.81,,instrument training, those who don’t have access to instrument learning,language not an issue here as designed for older students (9+),5m,8,y,final version retained only 5 items based on structural model,13.3y,9 to 19 y,nr,"9, 10, 11, 12, 13, 14, 15, 16, 17, 18, 19",Australia,TD,instrumental music learners,723,,n,y,n,group,,child questionnaire,n,y,y,n,n,n,unclear,y: retained items listed in paper under 'Measurement models and fit statistics'
413b,"McCormick, J.; McPherson, G. E.",2007,Untitled,Attainment subscale (self-report): measures percieved importance of learning an instrument and taking the music exam ,,y,,y,other measures: grade examination (AMEB); convergent validity between subscales and construct validity,subscales were all correlated with each other as posited by expectancy theory ,"Expectancy-Value theory (Wigfield & Eccles, 2000)",attainment value,7-point likert scale (not at all important- very important),nr,nr,cronbach's alpha,a=0.77,,instrument training, those who don’t have access to instrument learning,language not an issue here as designed for older students (9+),8m,12,y,final version retained only 6 items based on structural model,13.3y,9 to 19 y,nr,"9, 10, 11, 12, 13, 14, 15, 16, 17, 18, 19",Australia,TD,instrumental music learners,723,,n,y,y,group,,child questionnaire,n,y,y,n,n,n,unclear,y: retained items listed in paper under 'Measurement models and fit statistics'
413c,"McCormick, J.; McPherson, G. E.",2007,Untitled,Intrinsic value subscale (self-report): targets enjoyment and interest,,y,,y,other measures: grade examination (AMEB); convergent validity between subscales and construct validity,subscales were all correlated with each other as predicted by expectancy theory ,"Expectancy-Value theory (Wigfield & Eccles, 2000)",enjoyment/delight; intrinsic value; interest,7-point likert scale (not at all enjoyable- very enjoyable; not at all interesting- very interesting),nr,nr,cronbach's alpha,a=0.89,,instrument training, those who don’t have access to instrument learning,language not an issue here as designed for older students (9+),15m,24,y,final version retained only 6 items based on structural model,13.3y,9 to 19 y,nr,"9, 10, 11, 12, 13, 14, 15, 16, 17, 18, 19",Australia,TD,instrumental music learners,723,,y,y,n,group,,child questionnaire,n,y,y,n,n,n,unclear,y: retained items listed in paper under 'Measurement models and fit statistics'
413d,"McCormick, J.; McPherson, G. E.",2007,Untitled,Utility value subscale (self-report): measures how useful learning different musical skills and participating in exams is to learner,,y,,y,other measures: grade examination (AMEB); convergent validity between subscales and construct validity,subscales were all correlated with each other as posited by expectancy theory ,"Expectancy-Value theory (Wigfield & Eccles, 2000)",utility value/usefulness,7-point likert scale (not at all useful- very useful),nr,nr,cronbach's alpha,a=0.81,,instrument training, those who don’t have access to instrument learning,language not an issue here as designed for older students (9+),10m,11,y,final version retained only 5 items based on structural model,13.3y,9 to 19 y,nr,"9, 10, 11, 12, 13, 14, 15, 16, 17, 18, 19",Australia,TD,instrumental music learners,723,,n,y,y,group,,child questionnaire,n,y,y,n,n,n,unclear,y: retained items listed in paper under 'Measurement models and fit statistics'
419a,"Mizener, C. P. ",1993,Untitled,Self-report on interest and participation in singing activities,,n,"singing interest, choir participation, classroom singing activities, out-of-school-singing experiences, self-perception of singing skill",y,singing ability measures,,n,interest; active engagement/involvement,2 (yes or no; or selecting from two varying options) or 3 (selecting from varying options),nr,n,n,nr,there was no overall motivation score reported,,,,30m,44,y,reduction advisable if interested solely on motivation: 44 items is too long,nr,nr,"3,4,5 and 6",nr,US,TD,,542,,y,y,n,group,,child questionnaire,n,y,y,n,n,n,y,n: on request
429a,"Jin, S.; Zou, N.",2022,Experiential Activities Questionnaire,Engagement subscale (self-report),,y,interest for learning an ancient chinese instrument,y,other measures: parents questionnaire,similar overall average scores between child and parent ratings but no report of correlation,n,active engagement/involvement,5-point agreement scale adapted using smiley faces,nr,y; all average scores (max 5) were between 4 and 5,n,nr,no measure of reliability,language skills,young readers; dyslexia,language is simplified from the parent version but there are still some long complex words included,2m,3,y,could be expanded based on the larger set ofsimilar  items which can be found in some of  the questionnaires developed based on the expectancy-value model ,nr,6 to 12,nr,"6, 7, 8, 9, 10, 11, 12",nr,TD,,10,appears to be based on an opportunity sample of parents and children visiting a museum,y,y,n,individual,not all questions would be relevant outsidethis study context,child questionnaire,n,y,y,n,n,n,unclear,n: items listed in table 3 but no further information on response options
429b,"Jin, S.; Zou, N.",2022,Experiential Activities Questionnaire,Competence subscale (self-report),,y, interest for learning an ancient chinese instrument,y,other measures: parents questionnaire,similar overall average scores between child and parent ratings but no report of correlation,n,competence beliefs/success,5-point agreement scale adapted using smiley faces,nr,y; all average scores (max 5) were between 4 and 5,n,nr,no measure of reliability,language skills,young readers; dyslexia,language is simplified from the parent version but there are still some long complex words included,2m,3,y,could be expanded based on the larger set ofsimilar  items which can be found in some of  the questionnaires developed based on the expectancy-value model ,nr,6 to 12,nr,"6, 7, 8, 9, 10, 11, 12",nr,TD,,10,appears to be based on an opportunity sample of parents and children visiting a museum,n,y,n,individual,not all questions would be relevant outsidethis study context,child questionnaire,n,y,y,n,n,n,unclear,n: items listed in table 3 but no further information on response options
429c,"Jin, S.; Zou, N.",2022,Experiential Activities Questionnaire,Challenge subscale (self-report),,y, interest for learning an ancient chinese instrument,y,other measures: parents questionnaire,similar overall average scores between child and parent ratings but no report of correlation,n,task difficulty,5-point agreement scale adapted using smiley faces,nr,y; all average scores (max 5) were between 4 and 5,n,nr,no measure of reliability,language skills,young readers; dyslexia,language is simplified from the parent version but there are still some long complex words included,2m,2,y,could be expanded based on the larger set ofsimilar  items which can be found in some of  the questionnaires developed based on the expectancy-value model ,nr,6 to 12,nr,"6, 7, 8, 9, 10, 11, 12",nr,TD,,10,appears to be based on an opportunity sample of parents and children visiting a museum,n,y,n,individual,not all questions would be relevant outsidethis study context,child questionnaire,n,y,y,n,n,n,unclear,n: items listed in table 3 but no further information on response options
429d,"Jin, S.; Zou, N.",2022,Experiential Activities Questionnaire,Interest subscale (self-report),,y, interest for learning an ancient chinese instrument,y,other measures: parents questionnaire,similar overall average scores between child and parent ratings but no report of correlation,n,interest,5-point agreement scale adapted using smiley faces,nr,y; all average scores (max 5) were between 4 and 5,n,nr,no measure of reliability,language skills,young readers; dyslexia,language is simplified from the parent version but there are still some long complex words included,2m,2,y,could be expanded based on the larger set ofsimilar  items which can be found in some of  the questionnaires developed based on the expectancy-value model ,nr,6 to 12,nr,"6, 7, 8, 9, 10, 11, 12",nr,TD,,10,appears to be based on an opportunity sample of parents and children visiting a museum,y,y,n,individual,not all questions would be relevant outsidethis study context,child questionnaire,n,y,y,n,n,n,unclear,n: items listed in table 3 but no further information on response options
429e,"Jin, S.; Zou, N.",2022,Experiential Activities Questionnaire,Engagement subscale (parent-report),,y, interest for learning an ancient chinese instrument,y,other measures: self-report questionnaire,similar overall average scores between child and parent ratings but no report of correlation,n,active engagement/involvement,5 point likert,nr,y; all average scores (max 5) were between 4 and 5,n,nr,no measure of reliability,,,,1m,2,y,could be expanded based on the larger set ofsimilar  items which can be found in some of  the questionnaires developed based on the expectancy-value model ,nr,6 to 12,nr,"6, 7, 8, 9, 10, 11, 12",nr,TD,,10,appears to be based on an opportunity sample of parents and children visiting a museum,y,y,n,NA questionnaire,not all questions would be relevant outsidethis study context,parent questionnaire,n,y,n,y,n,n,unclear,y: items listed in table 4
429f,"Jin, S.; Zou, N.",2022,Experiential Activities Questionnaire,Competence subscale (parent-report),,y, interest for learning an ancient chinese instrument,y,other measures: self-report questionnaire,similar overall average scores between child and parent ratings but no report of correlation,n,competence beliefs/success,5 point likert,nr,y; all average scores (max 5) were between 4 and 5,n,nr,,,,,1m,2,y,could be expanded based on the larger set ofsimilar  items which can be found in some of  the questionnaires developed based on the expectancy-value model ,nr,6 to 12,nr,"6, 7, 8, 9, 10, 11, 12",nr,TD,,10,appears to be based on an opportunity sample of parents and children visiting a museum,n,y,n,NA questionnaire,not all questions would be relevant outsidethis study context,parent questionnaire,n,y,n,y,n,n,unclear,y: items listed in table 5
429g,"Jin, S.; Zou, N.",2022,Experiential activities questionnaire (for parents),Challenge subscale (parent-report),,y, interest for learning an ancient chinese instrument,y,other measures: self-report questionnaire,similar overall average scores between child and parent ratings but no report of correlation,n,task difficulty,5 point likert,nr,y; all average scores (max 5) were between 4 and 5,n,nr,,,,,1m,1,y,could be expanded based on the larger set ofsimilar  items which can be found in some of  the questionnaires developed based on the expectancy-value model ,nr,6 to 12,nr,"6, 7, 8, 9, 10, 11, 12",nr,TD,,10,appears to be based on an opportunity sample of parents and children visiting a museum,n,y,n,NA questionnaire,not all questions would be relevant outsidethis study context,parent questionnaire,n,y,n,y,n,n,unclear,y: items listed in table 6
429h,"Jin, S.; Zou, N.",2022,Experiential activities questionnaire (for parents),Interest subscale (parent-report),,y, interest for learning an ancient chinese instrument,y,other measures: self-report questionnaire,similar overall average scores between child and parent ratings but no report of correlation,n,interest,5 point likert,nr,y; all average scores (max 5) were between 4 and 5,n,nr,no measure of reliability,,,,1m,2,y,could be expanded based on the larger set ofsimilar  items which can be found in some of  the questionnaires developed based on the expectancy-value model ,nr,6 to 12,nr,"6, 7, 8, 9, 10, 11, 12",nr,TD,,10,appears to be based on an opportunity sample of parents and children visiting a museum,y,y,n,NA questionnaire,not all questions would be relevant outsidethis study context,parent questionnaire,n,y,n,y,n,n,unclear,y: items listed in table 7
433a,"Matsunobu, K.",2023,Untitled,Shakuhachi self-efficacy subscale (self-report): concerns self-estimation as related to task-based confidence. Factor one (4 items) of three factors which aimed to measure motivation for learning a traditional Japanese instrument. Could theoretically be applied outside this context.,,y,interest for learning a difficult japanese instrument called the shakuhachi,y,measured against different observations of ability to play instrument (e.g. ability to make a sound/ability to play a piece/execute a particular technique),subscale scores significantly higher for those who could make a sound on the instrument and play a piece indicating construct validity,"Expectancy-Value theory (Wigfield & Eccles, 2000)",self-efficacy,5-point likert scale,nr,nr,cronbach's alpha,a=.85,,,,,3m,4,n,factorial structure validated,nr,10 to 11,5th grade,nr,Japan,TD,,220,,n,y,n,group,needs to be validated with other musical instruments,child questionnaire,n,y,y,n,n,n,n,y: first 4 items in table 1
433b,"Matsunobu, K.",2023,Untitled,Shakuhachi internal motivation (self-report): measures inherent enjoyment and satisfaction that arises from musical participation. Developed to assess motivation for learning a traditional Japanese instrument but could theoretically be applied outside this context.,,y, interest for learning a difficult japanese instrument called the shakuhachi,y,measured against different observations of ability to play instrument (e.g. ability to make a sound/ability to play a piece),subscale scores significantly higher for those who could make a sound on the instrument and play a piece indicating construct validity,"Self-Determination theory (Ryan & Deci, 2000)",satisfaction; enjoyment/delight,5-point likert scale,nr,nr,cronbach's alpha,a=.87,very good',,,,3m,4,n,factorial structure validated,nr,10 to 11,5th grade,nr,Japan,TD,,220,,y,y,n,group,needs to be validated with other musical instruments,self-report questionnaire,n,y,y,n,n,n,n,y: items 5-8 in table 1
433c,"Matsunobu, K.",2023,Untitled,Music self-efficacy subscale (self-report):self-perception of  general music skills,,y,general musical ability,y,measured against different observations of ability to play instrument (e.g. ability to make a sound/ability to play a piece),subscale scores significantly higher for those who could make a sound on the instrument and play a piece indicating construct validity,n,self-efficacy; self-concept of ability,5-point likert scale,nr,nr,cronbach's alpha,a=.68,minimally acceptable'- could be explained by broad scope of items,,,,3m,3,n,factorial structure validated,nr,10 to 11,5th grade,nr,Japan,TD,,220,,n,y,n,group,reliability score low,child questionnaire,n,y,y,n,n,n,n,y: items 10 & 11 in table 1
434a,"Oliveira, A.;McPherson, G. E.; Ribeiro, L. M. & Oliveira-Silva, P.",2023,"EXPERT (expectations, perceptions and parental support)","Child interview on competence, autonomy and relatedness",,y,,n,n,other measures taken (parent questionnaire and aural aptitude assessments) but analysis was not undertaken to determine whether motivation scores related to these measures,"Self-Determination theory (Ryan & Deci, 2000)",competence beliefs/success; autonomy,"3 point likert (yes, no, maybe)","y: M= 58.89, SD=6.76",n,cronbach's alpha,a=.68,,language skills,young readers; dyslexia,authors report putting some consideratiinto wording to help ease comprehension,20m,26,y,would advise shortening measure: not all 26 items measure motivation for music,5.59 years,5-6 years,nr,"5,6 ",Portugal,TD,applicants to a portugese conservatoire,54,,y,y,n,individual,some children needed clarification on the questions being asked. One example item 'to study music is important to you?' sometimes needed clarification as: something special to you,child interview,y,n,n,n,n,n,n,n
435a,"Qi, W.; Dong, X.; Xue, X.",2021,Piano Learning Questionniare,"Self-report on attitudes towards music lessons, music lessons and music teachers.  Aiming to assess 'Pygmalion effect': when a person recieves encouragement praise and expectations from others, self-confidence is enhanced.",,y,,y,predictive: measure piano learning attitudes pre and post intervention in intervention vs control groups,greater positive change demonstrated in attitude towards piano learning pre- post in intervention group vs control,n,external regulation,5-point agreement scale,nr,nr,cronbach's alpha for full measure,a>.8 (full measure),KMO also reported: .85,language skills and instrument learners,no access to instrument teaching,,6m,,n,estimated 8 items based on 1 of 5 parts with 40 items in total,nr,6 to 11,"grades 2, 4 and 6","7,8,9,10,11,12",China,TD,,124,children taking piano lessons,y,y,n,group,,child questionnaire,n,y,y,n,n,n,n,n
435b,"Qi, W.; Dong, X.; Xue, X.",2021,Piano Learning Questionniare,"Self-report on self-efficacy, self-concept and self-esteem. Aiming to assess 'Pygmalion effect': when a person recieves encouragement praise and expectations from others, self-confidence is enhanced.",,y,,y,other measures: enthusiasm for piano learning,increased self-efficacy shown to positively effect enthusiasm for piano learning,n,"self-efficacy, self-concept of ability, self-esteem",5-point agreement scale,nr,nr,cronbach's alpha for full measure,a>.8 (full measure),KMO also reported: .85,language skills and instrument learners,no access to instrument teaching,,6m,,n,estimated 8 items based on 1 of 5 parts with 40 items in total,nr,6 to 11,"grades 2, 4 and 6","7,8,9,10,11,12",China,TD,,124,children taking piano lessons,n,y,n,group,,child questionnaire,n,y,y,n,n,n,n,n
436a,"Ribeiro, F. S.; Braun J., T.; Passarini, L.; Vanzella, P.",2021,Music Engagement Questionnaire (MEQ),Parent-reported child-caregiver musical behaviours,,n,"singing, listening to music, dancing, playing with musical toys/instruments",y,"changes to musical behaviour influed by: caregivers: involvement with arts activities, level of education, well-being and stress and childs disability status",,n,active engagement/involvement,6-point likert scale to assess difference between pre-covid lockdown behaviour and lockdown behaviour (never had this habit-much more),nr,"y: ceiling effects with some items, could include additional detail in the top end of the scale 'much more' or detail frequency of activity ",n,nr,"if more than one caregiver, could have been useful to get ratings from both to check reliability",,,,15m,23,y,could reduce scale to include only items related to children's independent musical behaviours and not caregivers encouragement,4.32y (SD=1.3),3 to 6,Preschool or not in school,"3,4,5,6",Brazil,"TD, ASD or other developmental disability",families with children aged 3-6 during covid lockdown,188,,y,y,n,NA,,parent questionnaire,n,y,n,y,n,n,unclear,y: in supplementary table doc table S4
437a,"Roden, I.; Friedrich, E. K.; Etzler, S.; Frankenberg, E.; Kreutz, G.; Bongard, S.",2021,Emotions while learning a musical instrument scale (ELIS),Positive Emotions while Learning an Instrument (PELI) subscale (self-report),,y,,y,"significantly correlated with subscales of other measures: shortened versions of the 'Questionnaire for measurement of stress and coping in children and adolescenets' (SSKJ 3-8) and 'positive and negative affect schedule' (PANAS) scales, specifically: social support (r=.21-24), problem-oriented coping (r=.3-.31), musical emotion regulation (r=.42-.45)",,n,emotions,5-point likert (not at all true-completely true),"y: M= 2-3.5, SD=.97-1.5",n,cronbach's alpha and test-retest,"a= .85; test retest at 6 months: .56; 12 months: .33, 18 months: .17",test retest fairly strong considering long time span and young population,language skills,young readers; dyslexia,"to ease comprehension,response options were visualised using baloon options of increasing size",6m,8,n,factorial structure validated,"M=8.53 (time point 1), M=9.18 (time point 2)",6 to 11 years,grades 2-4,"6,7,8,9,10,11,12",Germany,TD,60-70% attended a school programme enhancing musical or maths/science skills,352,"N=352 completed the tasks at all three time points, sample started at N=544",n,y,y,group,,child questionnaire,n,y,y,n,n,n,y,"y: all items before reduction in paper in english, see table 2 plus notes to indicate which are included in questionnaire, in german in attached document"
437b,"Roden, I.; Friedrich, E. K.; Etzler, S.; Frankenberg, E.; Kreutz, G.; Bongard, S.",2021,Emotions while learning a musical instrument (ELIS),Negative Emotions while Learning an Instrument (NELI) subscale (self-report),,y,,y,"significantly correlated with subscales of other measures: shortened versions of the 'Questionnaire for measurement of stress and coping in children and adolescenets' (SSKJ 3-8) and 'positive and negative affect schedule' (PANAS) scales, specifically: constructive palliative coping (r=.2), destructive anger-oriented coping (r=.34), use of media (r=.20) and psychological symptoms of stress (r=.23)",,n,emotions,5-point likert (not at all true-completely true),"y: M=.37-1.09, SD=.93-1.42",n,cronbach's alpha and test-retest,"a=.78; test retest at 6 months: .42, at 12 months: .21, at 18 months= .11",test retest fairly strong considering long time span and young population,language skills,young readers; dyslexia,"to ease comprehension,response options were visualised using baloon options of increasing size",5m,7,n,factorial structure validated,"M=8.53 (time point 1), M=9.18 (time point 2)",6 to 11 years,grades 2-4,"6,7,8,9,10,11,12",Germany,TD,60-70% attended a school programme enhancing musical or maths/science skills,352,"N=352 completed the tasks at all three time points, sample started at N=544",n,y,y,group,,child questionnaire,n,y,y,n,n,n,y,"y: all items before reduction in paper in english, see table 2 plus notes to indicate which are included in questionnaire, in german in attached document"
438a,"Ruth, N.; Müllensiefen, D.",2021,Theory of Musicality (TOM) Questionnaire,"Entity subscale (self-report): Assesses pupil's attitudes towards the development of musical abilities, specifically whether they believe music is unchangable and a gift. ",,n,beliefs about musical ability,y,measured against likelihood of dropping out of musical activities,"TOM entity subscale scores were a significant predictor of musical drop out: indicates that the more participants think of music as a 'gift', the more likely the are to drop out of musical activities",Theory of Musicality (Müllensiefen et al. 2014),entity beliefs,nr,nr,nr,n,nr,,language skills and introspection skills,young participants,,10m,12,n,factorial structure validated,nr,10 to 17,nr,"10,11,12,13,14,15,16,17",UK and Germany,TD,,3303,,n,y,n,group,no psychometrics reported,child questionnaire,n,y,y,n,n,n,unclear,n
438b,"Ruth, N.; Müllensiefen, D.",2021,Theory of Musicality (TOM) Questionnaire,"Incremental learning subscale (self-report): Assesses pupil's attitudes towards the development of musical abilities, to what degree they believe musical ability can be developed through learning.",,n,beliefs about musical ability,n,n,The incremental learning subscale did not predict musical drop out,Theory of Musicality (Müllensiefen et al. 2014),incremental learning beliefs,nr,nr,nr,n,nr,,language skills and introspection skills,young participants,,10m,12,n,factorial structure validated,nr,10 to 17,nr,"10,11,12,13,14,15,16,17",UK and Germany,TD,,3303,,n,y,n,group,no psychometrics reported,child questionnaire,n,y,y,n,n,n,unclear,n
439a,"Song, H. Q.; Barakova, E. I.; Markopoulos, P.; Ham, J.",2021,The FunQ,Autonomy subscale (self-report): measures children's feelings of autonomy when learning music with a robot,,y,use of robot for teaching piano,y,other measures: 'persistence' was interpreted from observational video data as a behavioural measure of motivation,findings from behavioural measure confirmed findings using questionnaire,n,autonomy,5 point likert,"y: M=4.34-4.55, SD= .37-.77 across all subscales",y- ceiling:  average mean scoresacross all subscales  were >4 for 5 point scale,cronbach's alpha,a=0.65,alpha for full questionnaire: .89,language skills,young readers; dyslexia,,2m,3,n,subscale validated in another paper,nr,9 to 12,nr,"9, 10, 11, 12",The Netherlands,TD,children taking piano lessons,31,"sample split into beginners, developing and advanced",n,y,n,individual,,child questionnaire,n,y,y,n,n,n,unclear,n: items listed in table 2 of paper but item response options are not clear
439b,"Song, H. Q.; Barakova, E. I.; Markopoulos, P.; Ham, J.",2021,The FunQ,Delight subscale (self-report): measures enjoyment of learning music with a robot,,y,use of robot for teaching piano,y,other measures: 'persistence' was interpreted from observational video data as a behavioural measure of motivation,findings from behavioural measure confirmed findings using questionnaire,n,enjoyment/delight,5 point likert,"y: M=4.34-4.55, SD= .37-.77 across all subscales",y- ceiling:  average mean scoresacross all subscales  were >4 for 5 point scale,cronbach's alpha,a=0.8,alpha for full questionnaire: .89,language skills,young readers; dyslexia,,2m,3,n,subscale validated in another paper,nr,9 to 12,nr,"9, 10, 11, 12",The Netherlands,TD,children taking piano lessons,31,"sample split into beginners, developing and advanced",y,y,n,individual,,child questionnaire,n,y,y,n,n,n,unclear,n: items listed in table 2 of paper but item response options are not clear
439c,"Song, H. Q.; Barakova, E. I.; Markopoulos, P.; Ham, J.",2021,The FunQ,Stress subscale (self-report): measures children's emotional responses to learning music with a robot,,y,use of robot for teaching piano,y,other measures: 'persistence' was interpreted from observational video data as a behavioural measure of motivation,findings from behavioural measure confirmed findings using questionnaire,n,stress,5 point likert,"y: M=4.34-4.55, SD= .37-.77 across all subscales",y- ceiling:  average mean scoresacross all subscales  were >4 for 5 point scale,cronbach's alpha,a=0.73,alpha for full questionnaire: .89,language skills,young readers; dyslexia,,2m,3,n,subscale validated in another paper,nr,9 to 12,nr,"9, 10, 11, 12",The Netherlands,TD,children taking piano lessons,31,"sample split into beginners, developing and advanced",n,y,n,individual,,child questionnaire,n,y,y,n,n,n,unclear,n: items listed in table 2 of paper but item response options are not clear
439d,"Song, H. Q.; Barakova, E. I.; Markopoulos, P.; Ham, J.",2021,The Situational Motivation Scale (SIMS),Interest subscale (self-report),,y,use of robot for teaching piano,y,other measures: 'persistence' was interpreted from observational video data as a behavioural measure of motivation,findings from behavioural measure confirmed findings using questionnaire,n,interest,5 point likert,"y: M=4.34-4.55, SD= .37-.77 across all subscales",y- ceiling:  average mean scoresacross all subscales  were >4 for 5 point scale,cronbach's alpha,a=0.77,alpha for full questionnaire: .89,language skills,young readers; dyslexia,language was simplified for questions adapted from the SIMS to make it easier to understand as it was originally developed for adults,2m,3,,could be expanded based on the larger set ofsimilar  items which can be found in some of  the questionnaires developed based on the expectancy-value model ,nr,9 to 12,nr,"9, 10, 11, 12",The Netherlands,TD,children taking piano lessons,31,"sample split into beginners, developing and advanced",y,y,n,individual,,child questionnaire,n,y,y,n,n,n,unclear,n: items listed in table 2 of paper but item response options are not clear
442a,"Stramkale, L.; Timermane, L.",2020,Self-regulated Learning Questionnaire,"Self-report on self-regulation: ability to set, monitor and assess learning outcomes during a music lesson",,n, school music lessons,y,"other measures: structured observation carried out by teachers according to same four criteria: motivation, setting learning outcomes, monitoring of learning and learning outcomes",authors report that there were no significant differences between teacher ratings of SRL and student's self-assessments,n,self-regulation,4 point likert:  never-always,y: SD=.89 to .99,n,n,nr,comparing child and teacher responses on the same scale would have been beneficial,language skills  and introspection,young readers; dyslexia,,5-10m,12,y,could be expanded to include items in the motivation category that teachers had to rate during observation,nr,nr,4th,nr,Latvia,TD,,86,recruited from one comprehensive school,n,y,y,group,,child questionnaire,n,y,y,n,n,n,n,n
442b,"Stramkale, L.; Timermane, L.",2020,Self-regulated Learning Questionnaire,"teacher-report on child's motivation and ability to set, monitor and assess learning outcomes during a music lesson",,n,school music lessons,y,other measures: child self-perceptions on latter 3 criteria,authors report that there were no significant differences between teacher ratings of SRL and student's self-assessments,nr,self-regulation,"3 categories: low, medium, high",y: SD=.6-.7,n,n,nr,comparing child and teacher responses on the same scale would have been beneficial,,,,30m-1h,nr,n,length of music lesson in which teachers observed is unclear,nr,nr,4th,nr,Latvia,TD,,86,recruited from one comprehensive school,y,y,n,NA,,teacher questionnaire,n,y,n,n,y,n,n,n